{
  "Original": 0.043987228534267606,
  "EDA_1": 0.2809177904482482,
  "EDA_2": 0.2809177904482482,
  "EDA_3": 0.2202748252542103,
  "EDA_4": 0.21995361448142997,
  "EDA_5": 0.2176558965423762,
  "EDA_6": 0.2176558965423762,
  "EDA_7": 0.2809177904482482,
  "KNEO_8": 0.2809177904482482,
  "KNEO_9": 0.043987228534267606,
  "KNEO_10": 0.2176558965423762,
  "KNEO_11": 0.22932031251950924,
  "KNEO_12": 0.04441199745451909,
  "KNEO_13": 0.2809177904482482,
  "KNEO_14": 0.2809177904482482,
  "KNEO_15": 0.2176558965423762,
  "GEMMA_16": 0.2176558965423762,
  "GEMMA_17": 0.2174480721049092,
  "LLAMA_18": 0.2809177904482482,
  "LLAMA_19": 0.043987228534267606
}