{
  "EDA_1": {
    "levenshtein_ratio": 0.5870867908291844,
    "jaccard_similarity": 0.6229486105292559,
    "cosine_similarity": 